{
    "opencv_ml_ann_mlp": {
        "format": 3,
        "layer_sizes": [ 72, 2 ],
        "activation_function": "SIGMOID_SYM",
        "f_param1": 1.0,
        "f_param2": 1.0,
        "min_val": -9.4999999999999996e-01,
        "max_val": 9.4999999999999996e-01,
        "min_val1": -9.7999999999999998e-01,
        "max_val1": 9.7999999999999998e-01,
        "training_params": {
            "train_method": "RPROP",
            "dw0": 1.0000000000000001e-01,
            "dw_plus": 1.2000000000000000e+00,
            "dw_minus": 5.0000000000000000e-01,
            "dw_min": 1.1920928955078125e-07,
            "dw_max": 50.0,
            "term_criteria": {
                "epsilon": 1.0000000000000000e-02,
                "iterations": 1000
            }
        },
        "input_scale": [
            5.6637177526898341e-01,
            -4.7186442822907626e-01,
            1.2048558707312513e+00,
            -5.4573693393675498e-03,
            7.5136721407147306e-02,
            -6.0133711127529965e-01,
            1.8963700502442302e-01,
            1.2688863322362723e-02,
            9.6478161058769593e-02,
            -8.7513877309131771e-01,
            2.3606139801510642e-01,
            4.7933608703858953e-03,
            2.1287479344902080e+00,
            -1.5585310891382502e+00,
            2.2668670524449914e+00,
            6.4203335993901905e-03,
            1.3806432141980000e+01,
            -6.7860798243366061e-01,
            9.8628412802656822e+00,
            2.4659962072859571e-04,
            1.5403219857820927e-01,
            -4.4400182265917459e-01,
            3.6355311098888277e-01,
            9.6753566844843247e-03,
            1.2668438191388615e-01,
            -9.7767710949426256e-01,
            3.5500691115240984e-01,
            8.2298702658521895e-03,
            1.2233742566879433e+00,
            -8.5857582738699401e-01,
            1.9237884740297073e+00,
            4.5882492186456415e-03,
            1.6918724302493975e+00,
            -2.1195851661369693e+00,
            1.7214067727194202e+00,
            3.2289606872279186e-03,
            1.0096602983711227e+00,
            -6.1040230451251309e-01,
            1.4696875751860485e+00,
            -1.5807591835632198e-02,
            2.4096085343886675e-01,
            -1.1136273347063175e+00,
            3.8583060229713023e-01,
            6.2734362096413402e-03,
            2.5676355332062379e+00,
            -9.0608427553711657e-01,
            3.0688986161545158e+00,
            7.5625275355175768e-03,
            6.6209428261093828e-01,
            -5.5650778263137068e-01,
            5.1288427063284798e+00,
            -2.3773552189926928e-02,
            8.9342243266273547e-02,
            -7.0765883614279790e-01,
            6.4055311472766929e-01,
            3.2356498424303895e-02,
            1.1121603903471665e-01,
            -1.0049946761595447e+00,
            8.6278183622285343e-01,
            2.1535290583856160e-02,
            3.0169809586069261e+00,
            -2.1998805388028262e+00,
            1.4111109044212656e+01,
            2.3619374765869790e-02,
            2.6775089679415544e+01,
            -1.3178396767483003e+00,
            7.8750990950902988e+01,
            -2.5512418360667467e-03,
            1.8783273790001989e-01,
            -5.3505325438397877e-01,
            1.2303902092274366e+00,
            2.5709425381173601e-02,
            1.4212656811571495e-01,
            -1.0929547088810667e+00,
            1.2319156448688131e+00,
            2.0855205448618019e-02,
            1.5673819289665363e+00,
            -1.0946413355234097e+00,
            8.8965888589657443e+00,
            2.0703650836891199e-02,
            2.4410734631653885e+00,
            -3.0558355174410265e+00,
            1.0805960930636710e+01,
            5.4720067620581845e-03,
            1.3553133990159472e+00,
            -8.3419175687423786e-01,
            6.5619682521448635e+00,
            -3.3412073682026339e-02,
            3.0611138309208386e-01,
            -1.4086222371509249e+00,
            1.7743474166695974e+00,
            2.1324609303175406e-02,
            3.4944004101900630e+00,
            -1.2256737536936051e+00,
            1.7961596572730009e+01,
            1.8803828195376307e-02,
            8.2925249161738823e-01,
            -7.1469305992956755e-01,
            2.0004187042676598e+01,
            -5.0254108287789215e-02,
            1.1656979068283009e-01,
            -8.9554074034490461e-01,
            2.6016847617179883e+00,
            8.5552123640179847e-02,
            1.3139694378176844e-01,
            -1.1720193096480434e+00,
            3.9536894967947598e+00,
            6.5291306246607297e-02,
            4.3857407918297948e+00,
            -3.1718646012704284e+00,
            7.6381486616063100e+01,
            5.4811173361161654e-02,
            4.9739391182016924e+01,
            -2.4524584804554177e+00,
            6.1528851308145067e+02,
            -3.8192339354395691e-03,
            2.5680550242621336e-01,
            -7.0523656794285727e-01,
            5.0448076354701517e+00,
            7.4137602186918602e-02,
            1.6172677601483859e-01,
            -1.2323650199500240e+00,
            5.6945600937343031e+00,
            5.3281539852604892e-02,
            2.1695659640560687e+00,
            -1.4921857526216533e+00,
            4.1526517720464575e+01,
            6.0317507542934939e-02,
            3.4234845532020621e+00,
            -4.2829342741550516e+00,
            6.3745217976762710e+01,
            7.3558480280013494e-03,
            2.0212443044212423e+00,
            -1.2765082484049786e+00,
            3.1171958984653312e+01,
            -4.0452554281682561e-02,
            3.9238468063020349e-01,
            -1.7876775511889238e+00,
            9.2017780032821186e+00,
            5.2078608461032037e-02,
            5.0504585862573519e+00,
            -1.7487352401195480e+00,
            8.8686872509585868e+01,
            5.6619769441386997e-02
        ],
        "output_scale": [
            1.0,
            0.0,
            1.0,
            0.0
        ],
        "inv_output_scale": [
            1.0,
            0.0,
            1.0,
            0.0
        ],